subgenre,broad_genre
A Cappella,Pop
Abstract,Experimental
Abstract Beats,Experimental
Abstract Hip Hop,Hip Hop
Abstract Idm,Electronic
Abstractro,Experimental
Accordion,Other
Acid House,Electronic
Acid Jazz,Jazz
Acid Techno,Electronic
Acousmatic,Experimental
Acoustic Blues,Blues
Acoustic Pop,Pop
Adult Standards,Pop
African Percussion,Folk
African Rock,Rock
Afrikaans,Folk
Afrobeat,R&B
Afrobeats,R&B
Aggrotech,Electronic
Albanian Pop,Pop
Album Rock,Rock
Albuquerque Indie,Other
Alternative Americana,Country
Alternative Country,Country
Alternative Dance,Electronic
Alternative Emo,Rock
Alternative Hardcore,Rock
Alternative Hip Hop,Hip Hop
Alternative Metal,Metal
Alternative Metalcore,Metal
Alternative New Age,Experimental
Alternative Pop,Pop
Alternative Pop Rock,Rock
Alternative R&B,R&B
Alternative Rock,Rock
Alternative Roots Rock,Rock
Ambeat,Electronic
Ambient,Electronic
Ambient Dub Techno,Electronic
Ambient Fusion,Electronic
Ambient Idm,Electronic
Ambient Psychill,Electronic
Ambient Trance,Electronic
Anarcho-punk,Rock
Andean,Folk
Anime,Other
Anime Score,Other
Anti-folk,Folk
Antiviral Pop,Pop
Appalachian Folk,Folk
Arab Folk,Folk
Arab Pop,Pop
Arabesk,Folk
Argentine Indie,Other
Argentine Reggae,Folk
Argentine Rock,Rock
Armenian Folk,Folk
Art Rock,Rock
Athens Indie,Other
Atmospheric Black Metal,Metal
Atmospheric Post Rock,Rock
Atmospheric Post-metal,Metal
Aussietronica,Electronic
Austindie,Other
Australian Alternative Rock,Rock
Australian Country,Country
Australian Dance,Electronic
Australian Hip Hop,Hip Hop
Australian Indie,Other
Australian Pop,Pop
Austrian Hip Hop,Hip Hop
Austropop,Pop
Avant-garde,Experimental
Avant-garde Jazz,Jazz
Avantgarde Metal,Metal
Axe,Other
Azonto,Folk
Bachata,Other
Baile Funk,Electronic
Balearic,Electronic
Balkan Brass,Folk
Banda,Folk
Bangla,Folk
Barbershop,Jazz
Barnemusikk,Folk
Barnmusik,Folk
Baroque,Classical
Baroque Ensemble,Classical
Basque Rock,Rock
Bass Music,Electronic
Bass Trip,Electronic
Bassline,Other
Bay Area Hip Hop,Hip Hop
Beach Music,Other
Beatdown,Other
Beats & Rhymes,Other
Bebop,Jazz
Belgian Indie,Other
Belgian Rock,Rock
Belly Dance,Other
Belorush,Other
Bemani,Other
Benga,Other
Bhangra,Hip Hop
Big Band,Other
Big Beat,Electronic
Big Room,Other
Black Death,Metal
Black Metal,Metal
Black Sludge,Metal
Black Thrash,Metal
Blackgaze,Metal
Blaskapelle,Metal
Bluegrass,Blues
Blues,Blues
Blues-rock,Rock
Blues-rock Guitar,Rock
Bmore,Other
Bolero,Other
Boogaloo,Other
Boogie-woogie,Other
Bossa Nova,Jazz
Bossa Nova Jazz,Jazz
Boston Rock,Rock
Bounce,Other
Bouncy House,Electronic
Bow Pop,Pop
Boy Band,Other
Brass Band,Other
Brass Ensemble,Other
Brazilian Composition,Other
Brazilian Gospel,Other
Brazilian Hip Hop,Hip Hop
Brazilian Indie,Other
Brazilian Pop Music,Pop
Brazilian Punk,Rock
Breakbeat,Electronic
Breakcore,Experimental
Breaks,Other
Brega,Other
Breton Folk,Folk
Brill Building Pop,Pop
British Alternative Rock,Rock
British Blues,Blues
British Brass Band,Other
British Dance Band,Other
British Folk,Folk
British Indie Rock,Rock
British Invasion,Other
Britpop,Pop
Broadway,Other
Broken Beat,Other
Brooklyn Indie,Other
Brostep,Electronic
Brutal Death Metal,Metal
Brutal Deathcore,Metal
Bubble Trance,Electronic
Bubblegum Dance,Pop
Bubblegum Pop,Pop
Bulgarian Rock,Rock
Byzantine,Other
C-pop,Pop
C64,Other
C86,Other
Cabaret,Other
Cajun,Other
Calypso,Folk
Canadian Country,Country
Canadian Hip Hop,Hip Hop
Canadian Indie,Other
Canadian Metal,Metal
Canadian Pop,Pop
Candy Pop,Pop
Cantautor,Other
Cante Flamenco,Other
Canterbury Scene,Other
Cantopop,Pop
Canzone Napoletana,Other
Capoeira,Hip Hop
Carnatic,Other
Catstep,Other
Caucasian Folk,Folk
Ccm,Other
Ceilidh,Other
Cello,Other
Celtic,Folk
Celtic Christmas,Folk
Celtic Punk,Rock
Celtic Rock,Rock
Central Asian Folk,Folk
Chalga,Other
Chamber Pop,Pop
Chanson,Other
Chanson Quebecois,Other
Chaotic Black Metal,Metal
Chaotic Hardcore,Rock
Charred Death,Metal
Chicago Blues,Blues
Chicago House,Electronic
Chicago Indie,Other
Chicago Soul,R&B
Chicano Rap,Hip Hop
Children's Christmas,Other
Children's Music,Other
Chilean Rock,Rock
Chill Groove,Other
Chill Lounge,Other
Chill-out,Other
Chill-out Trance,Electronic
Chillstep,Other
Chillwave,Electronic
Chinese Indie Rock,Rock
Chinese Opera,Hip Hop
Chinese Traditional,Folk
Chip Hop,Hip Hop
Chiptune,Other
Choral,Other
Choro,Folk
Christian Alternative Rock,Rock
Christian Christmas,Pop
Christian Dance,Electronic
Christian Hardcore,Metal
Christian Hip Hop,Hip Hop
Christian Metal,Metal
Christian Music,Other
Christian Punk,Rock
Christian Rock,Rock
Christmas,Other
Christmas Product,Other
Cinematic Dubstep,Electronic
Clarinet,Other
Classic Afrobeat,Classical
Classic Belgian Pop,Pop
Classic Chinese Pop,Pop
Classic Colombian Pop,Pop
Classic Czech Pop,Pop
Classic Danish Pop,Pop
Classic Dutch Pop,Pop
Classic Eurovision,Other
Classic Finnish Pop,Pop
Classic Finnish Rock,Rock
Classic French Pop,Pop
Classic Funk Rock,Rock
Classic Garage Rock,Rock
Classic Italian Pop,Pop
Classic Norwegian Pop,Pop
Classic Peruvian Pop,Pop
Classic Polish Pop,Pop
Classic Psychedelic Rock,Rock
Classic Rock,Rock
Classic Russian Pop,Pop
Classic Russian Rock,Rock
Classic Schlager,Other
Classic Soundtrack,Other
Classic Swedish Pop,Pop
Classic Turkish Pop,Pop
Classic Venezuelan Pop,Pop
Classical,Classical
Classical Christmas,Classical
Classical Flute,Classical
Classical Guitar,Classical
Classical Organ,Classical
Classical Performance,Classical
Classical Period,Classical
Classical Piano,Classical
College A Cappella,Other
College Marching Band,Other
Colombian Rock,Rock
Columbus Ohio Indie,Other
Comedy,Other
Comedy Rock,Rock
Comic,Other
Commons,Other
Complextro,Other
Composition D,Other
Concert Piano,Classical
Consort,Other
Contemporary Classical,Classical
Contemporary Country,Country
Contemporary Folk,Folk
Contemporary Jazz,Jazz
Contemporary Post-bop,Other
Cool Jazz,Jazz
Corrosion,Other
Corsican Folk,Folk
Country,Country
Country Blues,Blues
Country Christmas,Country
Country Dawn,Country
Country Gospel,Country
Country Road,Country
Country Rock,Rock
Coupe Decale,Other
Coverchill,Other
Covertrance,Electronic
Cowboy Western,Other
Cowpunk,Rock
Crack Rock Steady,Rock
Croatian Pop,Pop
Crossover Prog,Other
Crossover Thrash,Metal
Crunk,Other
Crust Punk,Rock
Cryptic Black Metal,Metal
Cuban Rumba,Other
Cubaton,Other
Cumbia,Folk
Cumbia Funk,R&B
Cumbia Sonidera,Hip Hop
Cumbia Villera,Hip Hop
Cyber Metal,Metal
Czech Folk,Folk
Czech Rock,Rock
Dallas Indie,Other
Dance Pop,Pop
Dance Rock,Rock
Dance-punk,Rock
Dancehall,Hip Hop
Dangdut,Other
Danish Hip Hop,Hip Hop
Danish Indie,Other
Danish Jazz,Jazz
Danish Pop,Pop
Danish Pop Rock,Rock
Dansband,Other
Danseband,Other
Dansktop,Other
Dark Ambient,Electronic
Dark Black Metal,Metal
Dark Cabaret,Other
Dark Electro-industrial,Electronic
Dark Hardcore,Rock
Dark Jazz,Jazz
Dark Minimal Techno,Electronic
Dark Progressive House,Electronic
Dark Psytrance,Electronic
Dark Wave,Other
Darkstep,Other
Death Core,Metal
Death Metal,Metal
Deathgrind,Metal
Deep Acoustic Pop,Pop
Deep Adult Standards,Other
Deep Alternative R&amp;b,Rock
Deep Ambient,Electronic
Deep Baroque,Classical
Deep Brazilian Pop,Pop
Deep Breakcore,Other
Deep Canadian Indie,Other
Deep Ccm,Other
Deep Cello,Other
Deep Chill,Other
Deep Chill-out,Other
Deep Christian Rock,Rock
Deep Classic Garage Rock,Rock
Deep Classical Piano,Classical
Deep Comedy,Other
Deep Contemporary Country,Country
Deep Dance Pop,Pop
Deep Darkpsy,Other
Deep Deep House,Electronic
Deep Deep Tech House,Electronic
Deep Delta Blues,Blues
Deep Disco,Other
Deep Disco House,Electronic
Deep Discofox,Other
Deep Downtempo Fusion,Electronic
Deep Dub Techno,Electronic
Deep East Coast Hip Hop,Hip Hop
Deep Euro House,Electronic
Deep Eurodance,Other
Deep Filthstep,Other
Deep Flow,Other
Deep Folk Metal,Metal
Deep Free Jazz,Jazz
Deep Freestyle,Other
Deep Full On,Other
Deep Funk,R&B
Deep Funk House,Electronic
Deep G Funk,R&B
Deep German Indie,Other
Deep German Punk,Rock
Deep Gothic Post-punk,Rock
Deep Happy Hardcore,Rock
Deep Hardcore,Rock
Deep Hardcore Punk,Rock
Deep Hardstyle,Electronic
Deep House,Electronic
Deep Indian Pop,Pop
Deep Indie Pop,Pop
Deep Indie Rock,Rock
Deep Indie Singer-songwriter,Jazz
Deep Italo Disco,Other
Deep Jazz Fusion,Jazz
Deep Jazz Guitar,Jazz
Deep Jazz Piano,Jazz
Deep Latin Alternative,Rock
Deep Liquid,Electronic
Deep Liquid Bass,Other
Deep Melodic Death Metal,Metal
Deep Melodic Hard Rock,Rock
Deep Melodic House,Electronic
Deep Melodic Metalcore,Metal
Deep Minimal Techno,Electronic
Deep Motown,R&B
Deep Neo-synthpop,Pop
Deep Neofolk,Folk
Deep New Wave,Rock
Deep Nordic Folk,Folk
Deep Northern Soul,R&B
Deep Opera,Hip Hop
Deep Orchestral,Classical
Deep Orgcore,Other
Deep Pop Emo,Rock
Deep Pop Punk,Rock
Deep Power-pop Punk,Rock
Deep Progressive House,Electronic
Deep Progressive Trance,Electronic
Deep Psychobilly,Other
Deep Psytrance,Electronic
Deep Punk Rock,Rock
Deep Ragga,Other
Deep Rai,Other
Deep Regional Mexican,Other
Deep Smooth Jazz,Jazz
Deep Soft Rock,Rock
Deep Soul House,Electronic
Deep Soundtrack,Other
Deep Southern Soul,R&B
Deep Space Rock,Rock
Deep String Quartet,Other
Deep Sunset Lounge,Other
Deep Surf Music,Other
Deep Symphonic Black Metal,Metal
Deep Talent Show,Other
Deep Tech House,Electronic
Deep Thrash Metal,Metal
Deep Trap,Hip Hop
Deep Turkish Pop,Pop
Deep Uplifting Trance,Electronic
Deep Vocal House,Electronic
Deep Vocal Jazz,Jazz
Delta Blues,Blues
Demoscene,Rock
Denver Indie,Metal
Depressive Black Metal,Metal
Desert Blues,Blues
Desi,Other
Destroy Techno,Electronic
Detroit Hip Hop,Hip Hop
Detroit Techno,Electronic
Didgeridoo,Metal
Digital Hardcore,Rock
Dirty South Rap,Hip Hop
Dirty Texas Rap,Hip Hop
Disco,Pop
Disco House,Electronic
Discofox,Other
Dixieland,Other
Djent,Metal
Dominican Pop,Pop
Doo-wop,Other
Doom Metal,Metal
Doomcore,Metal
Doujin,Other
Downtempo,Pop
Downtempo Fusion,Electronic
Downtempo Trip Hop,Hip Hop
Drama,Other
Dream Pop,Pop
Dreamo,Other
Drill And Bass,Hip Hop
Drone,Experimental
Drone Folk,Folk
Drone Metal,Metal
Drone Psych,Experimental
Drum And Bass,Electronic
Drumfunk,R&B
Dub,Electronic
Dub Techno,Electronic
Dubstep,Electronic
Dubstep Product,Electronic
Dubsteppe,Electronic
Duranguense,Other
Dutch Hip Hop,Hip Hop
Dutch House,Electronic
Dutch Pop,Pop
Dutch Rock,Rock
E6fi,Other
Early Music,Other
Early Music Ensemble,Other
East Coast Hip Hop,Hip Hop
Easy Listening,Other
Ebm,Other
Ectofolk,Folk
Ecuadoria,Other
Edm,Electronic
Electric Blues,Electronic
Electro,Electronic
Electro Dub,Electronic
Electro House,Electronic
Electro Jazz,Electronic
Electro Latino,Electronic
Electro Swing,Electronic
Electro Trash,Metal
Electro-industrial,Electronic
Electroacoustic Improvisation,Electronic
Electroclash,Electronic
Electrofox,Electronic
Electronic,Electronic
Electronica,Electronic
Electronicore,Electronic
Electropowerpop,Pop
Electropunk,Rock
Emo,Rock
Emo Punk,Rock
Enka,Other
Entehno,Electronic
Environmental,Metal
Epicore,Other
Estonian Pop,Pop
Ethereal Gothic,Other
Ethereal Wave,Other
Etherpop,Pop
Ethiopian Pop,Pop
Eurobeat,Other
Eurodance,Electronic
Europop,Pop
Euroska,Rock
Eurovision,Other
Exotica,Other
Experimental,Metal
Experimental Dubstep,Metal
Experimental Psych,Metal
Experimental Rock,Metal
Fado,Other
Fake,Other
Fallen Angel,Other
Faroese Pop,Pop
Fast Melodic Punk,Rock
Fidget House,Electronic
Filmi,Other
Filter House,Electronic
Filthstep,Other
Fingerstyle,Other
Finnish Hardcore,Rock
Finnish Hip Hop,Hip Hop
Finnish Indie,Other
Finnish Jazz,Jazz
Finnish Metal,Metal
Finnish Pop,Pop
Flamenco,Other
Flick Hop,Other
Folk,Folk
Folk Christmas,Folk
Folk Metal,Metal
Folk Punk,Rock
Folk Rock,Rock
Folk-pop,Pop
Folk-prog,Pop
Folklore Argentino,Folk
Folkmusik,Folk
Footwork,Other
Forro,Other
Fourth World,Other
Freak Folk,Folk
Freakbeat,Other
Free Improvisation,Other
Free Jazz,Jazz
Freestyle,Other
French Folk,Folk
French Folk Pop,Pop
French Hip Hop,Hip Hop
French Indie Pop,Pop
French Movie Tunes,Other
French Pop,Pop
French Punk,Rock
French Reggae,Hip Hop
French Rock,Rock
Full On,Other
Funeral Doom,Metal
Funk,R&B
Funk Carioca,R&B
Funk Metal,Metal
Funk Rock,Rock
Funky Breaks,R&B
Future Ambient,Electronic
Future Garage,Rock
Futurepop,Pop
G Funk,R&B
Gabba,Other
Galego,Other
Gamecore,Other
Gamelan,Folk
Gangster Rap,Hip Hop
Garage Pop,Rock
Garage Punk,Rock
Garage Punk Blues,Rock
Garage Rock,Rock
Gauze Pop,Pop
Gbvfi,Other
Geek Folk,Folk
Geek Rock,Rock
German Ccm,Other
German Hip Hop,Hip Hop
German Indie,Other
German Metal,Metal
German Oi,Other
German Pop,Pop
German Pop Rock,Rock
German Punk,Rock
German Show Tunes,Other
German Techno,Electronic
Ghettotech,Electronic
Ghoststep,Other
Girl Group,Other
Glam Metal,Metal
Glam Rock,Rock
Glitch,Experimental
Glitch Beats,Experimental
Glitch Hop,Hip Hop
Glitter Trance,Electronic
Goa Trance,Electronic
Goregrind,Metal
Gospel,Other
Gospel Blues,Blues
Gospel Reggae,Other
Gothic Alternative,Rock
Gothic Americana,Country
Gothic Doom,Metal
Gothic Metal,Metal
Gothic Post-punk,Rock
Gothic Rock,Rock
Gothic Symphonic Metal,Metal
Grave Wave,Other
Greek Hip Hop,Hip Hop
Greek House,Electronic
Greek Indie,Other
Grim Death Metal,Metal
Grime,Experimental
Grindcore,Metal
Grisly Death Metal,Metal
Groove Metal,Metal
Grunge,Rock
Grunge Pop,Rock
Grupera,Hip Hop
Guidance,Other
Gypsy Jazz,Jazz
Hands Up,Other
Happy Hardcore,Rock
Hard Alternative,Rock
Hard Bop,Other
Hard Glam,Other
Hard House,Electronic
Hard Rock,Rock
Hard Stoner Rock,Rock
Hard Trance,Electronic
Hardcore,Rock
Hardcore Breaks,Rock
Hardcore Hip Hop,Hip Hop
Hardcore Punk,Rock
Hardcore Techno,Electronic
Hardstyle,Electronic
Harmonica Blues,Blues
Harp,Hip Hop
Hatecore,Other
Hauntology,Other
Hawaiian,Other
Healing,Other
Heavy Alternative,Rock
Heavy Christmas,Other
Heavy Gothic Rock,Rock
Hi Nrg,Other
Highlife,Other
Hindustani Classical,Classical
Hip Hop,Hip Hop
Hip Hop Quebecois,Hip Hop
Hip Hop Tuga,Hip Hop
Hip House,Hip Hop
Hip Pop,Pop
Hiplife,Other
Hoerspiel,Other
Hollywood,Other
Honky Tonk,Country
Horror Punk,Rock
Horrorcore,Other
House,Electronic
Hungarian Hip Hop,Hip Hop
Hungarian Pop,Pop
Hungarian Rock,Rock
Hurban,Other
Hyphy,Other
Icelandic Pop,Pop
Idol,Other
Illbient,Other
Indian Classical,Classical
Indian Pop,Pop
Indian Rock,Rock
Indie Christmas,Other
Indie Dream Pop,Pop
Indie Emo,Rock
Indie Emo Rock,Rock
Indie Folk,Folk
Indie Fuzzpop,Pop
Indie Pop,Pop
Indie Pop Rock,Rock
Indie Post-punk,Rock
Indie Psych-pop,Pop
Indie R&b,R&B
Indie Rock,Rock
Indie Shoegaze,Rock
Indie Singer-songwriter,Jazz
Indietronica,Electronic
Indonesian Indie,Other
Indonesian Pop,Pop
Indorock,Rock
Industrial,Other
Industrial Metal,Metal
Industrial Rock,Rock
Instrumental Post Rock,Metal
Intelligent Dance Music,Other
Irish Folk,Folk
Irish Indie,Other
Irish Rock,Rock
Iskelma,Other
Islamic Recitation,Other
Israeli Rock,Rock
Italian Disco,Other
Italian Folk,Folk
Italian Hip Hop,Hip Hop
Italian Indie Pop,Pop
Italian Jazz,Jazz
Italian Pop,Pop
Italian Pop Rock,Rock
Italian Progressive Rock,Rock
Italian Punk,Rock
Italo Dance,Other
J-alt,Other
J-ambient,Electronic
J-core,Other
J-dance,Other
J-idol,Other
J-indie,Other
J-metal,Metal
J-pop,Pop
J-poppunk,Rock
J-poprock,Rock
J-punk,Rock
J-rap,Hip Hop
J-rock,Rock
J-theme,Other
Jam Band,Other
Jangle Pop,Pop
Jangle Rock,Rock
Japanese Jazztronica,Jazz
Japanese Psychedelic,Rock
Japanese R&amp;b,Other
Japanese Standards,Other
Japanese Traditional,Folk
Japanoise,Experimental
Jazz,Jazz
Jazz Bass,Jazz
Jazz Blues,Jazz
Jazz Brass,Jazz
Jazz Christmas,Jazz
Jazz Funk,Jazz
Jazz Fusion,Jazz
Jazz Metal,Metal
Jazz Orchestra,Hip Hop
Jazz Trio,Jazz
Jerk,Other
Jig And Reel,Other
Judaica,Other
Jug Band,Other
Juggalo,Other
Jump Blues,Blues
Jump Up,Other
Jumpstyle,Other
Jungle,Other
K-hop,Pop
K-indie,Other
K-pop,Pop
K-rock,Rock
Kabarett,Other
Karneval,Other
Kc Indie,Other
Kindermusik,Other
Kirtan,Other
Kiwi Rock,Rock
Kizomba,Other
Klapa,Other
Klezmer,Folk
Kompa,Other
Kraut Rock,Rock
Kuduro,Other
Kurdish Folk,Folk
Kwaito,Other
La Indie,Other
Laboratorio,Other
Laiko,Other
Latin,Other
Latin Alternative,Rock
Latin Christian,Other
Latin Christmas,Other
Latin Electronica,Electronic
Latin Hip Hop,Hip Hop
Latin Jazz,Jazz
Latin Metal,Metal
Latin Pop,Pop
Latvian Pop,Pop
Lds,Other
Leeds Indie,Other
Levenslied,Electronic
Liedermacher,Other
Light Music,Other
Lilith,Other
Liquid Funk,R&B
Lithumania,Other
Liturgical,Other
Lo Star,Other
Lo-fi,Hip Hop
Louisiana Blues,Blues
Louisville Indie,Other
Lounge,Other
Lounge House,Electronic
Lovers Rock,Rock
Lowercase,Other
Luk Thung,Other
Madchester,Other
Maghreb,Other
Magyar,Other
Makossa,Other
Malagasy Folk,Folk
Malaysian Pop,Pop
Mallet,Other
Mambo,Other
Mande Pop,Pop
Mandopop,Pop
Manele,Other
Marching Band,Other
Mariachi,Other
Martial Industrial,Other
Mashup,Other
Math Pop,Pop
Math Rock,Rock
Mathcore,Other
Mbalax,Other
Medieval,Other
Medieval Rock,Rock
Meditation,Other
Melancholia,Other
Melbourne Bounce,Other
Mellow Gold,Other
Melodic Death Metal,Metal
Melodic Hard Rock,Rock
Melodic Hardcore,Rock
Melodic Metalcore,Metal
Melodic Power Metal,Metal
Melodic Progressive Metal,Metal
Memphis Blues,Blues
Memphis Hip Hop,Hip Hop
Memphis Soul,R&B
Merengue,Other
Merengue Urbano,Other
Merseybeat,Other
Metal,Metal
Metal Guitar,Metal
Metalcore,Metal
Metropopolis,Pop
Mexican Indie,Other
Mexican Rock-and-roll,Rock
Mexican Son,Other
Mexican Traditional,Folk
Miami Bass,Other
Michigan Indie,Other
Microhouse,Electronic
Military Band,Other
Minimal,Other
Minimal Dub,Other
Minimal Dubstep,Electronic
Minimal Melodic Techno,Electronic
Minimal Tech House,Electronic
Minimal Techno,Electronic
Minimal Wave,Other
Mizrahi,Other
Mod Revival,Other
Modern Blues,Blues
Modern Classical,Classical
Modern Country Rock,Rock
Modern Downshift,Other
Modern Free Jazz,Jazz
Modern Performance,Other
Modern Southern Rock,Rock
Modern Uplift,Other
Monastic,Other
Moombahton,Other
Morna,Other
Motivation,Other
Motown,R&B
Movie Tunes,Other
Mpb,Other
Musica Para Ninos,Other
Musiikkia Lapsille,Other
Musique Concrete,Other
Musique Pour Enfants,Other
Muziek Voor Kinderen,Other
Nasheed,Electronic
Nashville Sound,Other
Native American,Other
Necrogrind,Metal
Neo Classical Metal,Metal
Neo Honky Tonk,Country
Neo Mellow,Other
Neo Metal,Metal
Neo Soul,R&B
Neo Soul-jazz,Jazz
Neo-industrial Rock,Rock
Neo-pagan,Other
Neo-progressive,Other
Neo-psychedelic,Rock
Neo-rockabilly,Rock
Neo-singer-songwriter,Jazz
Neo-synthpop,Pop
Neo-trad Metal,Metal
Neo-traditional Country,Country
Neoclassical,Classical
Neofolk,Folk
Nepali,Other
Nerdcore,Other
Neue Deutsche Harte,Other
Neue Deutsche Welle,Other
Neurofunk,R&B
Neurostep,Other
New Age,Other
New Age Piano,Other
New Americana,Country
New Beat,Other
New Jack Smooth,Other
New Jack Swing,Jazz
New Orleans Blues,Blues
New Orleans Jazz,Jazz
New Rave,Other
New Romantic,Classical
New Tribe,Other
New Wave,Rock
New Wave Pop,Pop
New Weird America,Other
Ninja,Other
Nintendocore,Other
Nl Folk,Folk
No Wave,Other
Noise,Experimental
Noise Pop,Pop
Noise Punk,Rock
Noise Rock,Rock
Nordic Folk,Folk
Nordic House,Electronic
Norteno,Electronic
Northern Irish Indie,Other
Northern Soul,R&B
Norwegian Gospel,Other
Norwegian Hip Hop,Hip Hop
Norwegian Jazz,Jazz
Norwegian Metal,Metal
Norwegian Pop,Pop
Norwegian Punk,Rock
Norwegian Rock,Rock
Nu Age,Other
Nu Disco,Other
Nu Electro,Electronic
Nu Gaze,Other
Nu Jazz,Jazz
Nu Metal,Metal
Nu Skool Breaks,Other
Nu-cumbia,Folk
Nueva Cancion,Other
Nursery,Other
Nwobhm,Other
Nwothm,Other
Nz Indie,Other
Oi,Experimental
Old School Hip Hop,Hip Hop
Old-time,Other
Opera,Hip Hop
Operatic Pop,Pop
Opm,Pop
Oratory,Other
Orchestral,Classical
Organic Ambient,Electronic
Orgcore,Other
Orquesta Tipica,Other
Orquesta Tropical,Other
Oshare Kei,Other
Ostrock,Rock
Outer Hip Hop,Hip Hop
Outlaw Country,Country
Outsider,Other
Outsider House,Electronic
P Funk,R&B
Pagan Black Metal,Metal
Pagode,Other
Pakistani Pop,Pop
Permanent Wave,Classical
Persian Pop,Pop
Persian Traditional,Folk
Perth Indie,Other
Peruvian Rock,Rock
Piano Blues,Blues
Piano Rock,Rock
Piedmont Blues,Electronic
Pipe Band,Other
Poetry,Other
Polish Hip Hop,Hip Hop
Polish Indie,Other
Polish Jazz,Jazz
Polish Pop,Pop
Polish Punk,Rock
Polish Reggae,Other
Polka,Other
Polynesian Pop,Pop
Polyphony,Other
Pop,Pop
Pop Christmas,Pop
Pop Emo,Rock
Pop House,Pop
Pop Punk,Rock
Pop Rap,Pop
Pop Rock,Rock
Popgaze,Pop
Porro,Other
Portland Indie,Other
Portuguese Pop,Pop
Portuguese Rock,Rock
Post Rock,Rock
Post-disco,Other
Post-disco Soul,R&B
Post-grunge,Rock
Post-hardcore,Rock
Post-metal,Metal
Post-post-hardcore,Rock
Post-punk,Rock
Power Blues-rock,Rock
Power Electronics,Electronic
Power Metal,Metal
Power Noise,Experimental
Power Pop,Pop
Power Violence,Other
Power-pop Punk,Rock
Praise,Other
Progressive Alternative,Rock
Progressive Bluegrass,Blues
Progressive Electro House,Electronic
Progressive House,Electronic
Progressive Metal,Metal
Progressive Psytrance,Electronic
Progressive Rock,Rock
Progressive Trance,Electronic
Progressive Trance House,Electronic
Progressive Uplifting Trance,Electronic
Protopunk,Rock
Psych Gaze,Other
Psychedelic Blues-rock,Rock
Psychedelic Rock,Rock
Psychedelic Trance,Rock
Psychill,Other
Psychobilly,Other
Pub Rock,Rock
Puerto Rican Rock,Rock
Punjabi,Other
Punk,Rock
Punk Blues,Rock
Punk Christmas,Rock
Punk Ska,Rock
Qawwali,Other
Quebecois,Other
Quiet Storm,R&B
R&B,R&B
Ragga Jungle,Other
Ragtime,Other
Rai,Classical
Ranchera,Other
Rap,Hip Hop
Rap Metal,Metal
Rap Metalcore,Metal
Rap Rock,Rock
Raw Black Metal,Metal
Re:techno,Electronic
Reading,Other
Rebetiko,Other
Reggae,Folk
Reggae Fusion,Jazz
Reggae Rock,Rock
Reggaeton,Hip Hop
Regional Mexican,Other
Relaxative,Other
Remix,Other
Renaissance,Other
Retro Electro,Electronic
Retro Metal,Metal
Rhythm And Boogie,Other
Riddim,Other
Rio De La Plata,Other
Riot Grrrl,Other
Rock,Rock
Rock Catala,Rock
Rock En Espanol,Rock
Rock Gaucho,Rock
Rock Noise,Rock
Rock Steady,Rock
Rock-and-roll,Rock
Rockabilly,Rock
Romanian Pop,Pop
Romanian Rock,Rock
Romantic,Classical
Roots Reggae,Other
Roots Rock,Rock
Rumba,Other
Russian Alternative,Rock
Russian Hip Hop,Hip Hop
Russian Pop,Pop
Russian Punk,Rock
Russian Rock,Rock
Rva Indie,Other
Salsa,Folk
Salsa International,Folk
Samba,Folk
Saxophone,Other
Schlager,Other
Schranz,Other
Scorecore,Other
Scottish Rock,Rock
Scratch,Other
Screamo,Other
Screamo Punk,Rock
Screamocore,Other
Seattle Indie,Other
Sega,Other
Serialism,Other
Sertanejo,Other
Sertanejo Tradicional,Other
Sertanejo Universitario,Other
Sevdah,Other
Shanty,Other
Sheffield Indie,Other
Shibuya-kei,Other
Shimmer Pop,Pop
Shimmer Psych,Other
Shiver Pop,Pop
Shoegaze,Rock
Show Tunes,Other
Singaporean Pop,Pop
Singer-songwriter,Jazz
Sinhala,Other
Ska,Rock
Ska Punk,Rock
Ska Revival,Rock
Skate Punk,Rock
Skiffle,Other
Skinhead Oi,Other
Skinhead Reggae,Other
Skweee,Other
Slam Death Metal,Metal
Slash Punk,Rock
Slc Indie,Other
Sleaze Rock,Rock
Sleep,Other
Slovak Hip Hop,Hip Hop
Slovak Pop,Pop
Slovenian Rock,Rock
Slow Core,Other
Sludge Metal,Metal
Smooth Jazz,Jazz
Smooth Urban R&amp;b,Other
Soca,Other
Soda Pop,Pop
Soft Rock,Rock
Solipsynthm,Other
Soukous,Other
Soul,R&B
Soul Blues,Blues
Soul Christmas,R&B
Soul Flow,R&B
Soul Jazz,Jazz
Soundtrack,Other
South African Jazz,Jazz
Southern Gospel,Other
Southern Hip Hop,Hip Hop
Southern Rock,Rock
Southern Soul,R&B
Southern Soul Blues,Blues
Space Rock,Rock
Spanish Classical,Classical
Spanish Folk,Folk
Spanish Hip Hop,Hip Hop
Spanish Indie Pop,Pop
Spanish Indie Rock,Rock
Spanish Invasion,Other
Spanish New Wave,Rock
Spanish Pop,Pop
Spanish Pop Rock,Rock
Spanish Punk,Rock
Spanish Reggae,Other
Speed Garage,Rock
Speed Metal,Metal
Speedcore,Other
Spoken Word,Other
Spytrack,Other
Steampunk,Rock
Steelpan,Other
Stl Indie,Other
Stomp And Flutter,Other
Stomp And Holler,Other
Stomp And Whittle,Other
Stomp Pop,Pop
Stoner Metal,Metal
Stoner Rock,Rock
Straight Edge,Other
Street Punk,Rock
Stride,Other
String Band,Other
String Folk,Folk
String Quartet,Other
Substep,Electronic
Sunset Lounge,Other
Suomi Rock,Rock
Surf Music,Other
Swamp Blues,Blues
Swamp Pop,Pop
Swedish Alternative Rock,Rock
Swedish Hard Rock,Rock
Swedish Hip Hop,Hip Hop
Swedish Indie Pop,Pop
Swedish Indie Rock,Rock
Swedish Jazz,Jazz
Swedish Metal,Metal
Swedish Pop,Pop
Swedish Pop Punk,Rock
Swedish Prog,Other
Swedish Punk,Rock
Swedish Reggae,Other
Swedish Soft Pop,Pop
Swedish Synthpop,Pop
Swing,Jazz
Swirl Psych,Other
Swiss Folk,Folk
Swiss Hip Hop,Hip Hop
Swiss Rock,Rock
Symphonic Black Metal,Metal
Symphonic Metal,Metal
Symphonic Rock,Rock
Synthpop,Pop
Taiwanese Pop,Pop
Talent Show,Other
Tango,Folk
Tech House,Electronic
Technical Brutal Death Metal,Metal
Technical Death Metal,Metal
Techno,Electronic
Teen Pop,Pop
Tejano,Other
Tekno,Other
Terrorcore,Other
Texas Blues,Blues
Texas Country,Country
Thai Indie,Other
Thai Pop,Pop
Thrash Core,Metal
Thrash Metal,Metal
Thrash-groove Metal,Metal
Throat Singing,Jazz
Tibetan,Other
Tico,Folk
Timba,Other
Tin Pan Alley,Other
Traditional Blues,Blues
Traditional British Folk,Folk
Traditional Country,Country
Traditional Folk,Folk
Traditional Funk,R&B
Traditional Irish Folk,Folk
Traditional Reggae,Folk
Traditional Rock 'N Roll,Rock
Traditional Rockabilly,Rock
Traditional Scottish Folk,Folk
Traditional Ska,Rock
Traditional Soul,R&B
Traditional Swing,Jazz
Trance,Electronic
Trance Hop,Electronic
Trap Music,Hip Hop
Trapstep,Hip Hop
Trash Rock,Metal
Triangle Indie,Other
Tribal House,Electronic
Tribute,Other
Trip Hop,Hip Hop
Tropical,Other
Trova,Other
Turbo Folk,Folk
Turkish Alternative,Rock
Turkish Classical,Classical
Turkish Folk,Folk
Turkish Hip Hop,Hip Hop
Turkish Jazz,Jazz
Turkish Pop,Pop
Turkish Rock,Rock
Turntablism,Other
Twee Indie Pop,Pop
Twee Pop,Pop
Twin Cities Indie,Other
Tzadik,Other
Uk Dub,Other
Uk Garage,Rock
Uk Hip Hop,Hip Hop
Uk Post-punk,Rock
Ukrainian Rock,Rock
Ukulele,Other
Unblack Metal,Metal
Underground Hip Hop,Hip Hop
Underground Latin Hip Hop,Hip Hop
Underground Pop Rap,Pop
Underground Power Pop,Pop
Underground Rap,Hip Hop
Uplifting Trance,Electronic
Urban Contemporary,Other
Vallenato,Other
Vancouver Indie,Metal
Vapor House,Electronic
Vaporwave,Electronic
Vegan Straight Edge,Other
Vegas Indie,Other
Velha Guarda,Other
Venezuelan Rock,Rock
Video Game Music,Other
Vienna Indie,Other
Vietnamese Pop,Pop
Viking Metal,Metal
Vintage Chanson,Other
Vintage Country Folk,Country
Vintage Gospel,Other
Vintage Jazz,Jazz
Vintage Reggae,Other
Vintage Rockabilly,Rock
Vintage Schlager,Other
Vintage Swedish Pop,Pop
Vintage Swing,Jazz
Vintage Swoon,Other
Vintage Tango,Folk
Vintage Western,Other
Violin,Other
Viral Pop,Pop
Visual Kei,Other
Vocal House,Electronic
Vocal Jazz,Jazz
Vocaloid,Electronic
Volksmusik,Other
Warm Drone,Experimental
Welsh Rock,Rock
West African Jazz,Jazz
West Coast Rap,Hip Hop
Western Swing,Jazz
Wind Ensemble,Other
Witch House,Electronic
Wonky,Other
Workout,Other
World,Other
World Chill,Other
World Christmas,Other
World Fusion,Jazz
Worship,Other
Wrestling,Other
Wrock,Rock
Ye Ye,Other
Yoik,Other
Yugoslav Rock,Rock
Zeuhl,Other
Zillertal,Metal
Zim,Other
Zolo,Other
Zouglou,Other
Zouk,Folk
Zydeco,Other
Surf Rock,Rock
Proto-Punk,Rock
Musicals,Pop
Melodic Rap,Hip Hop
Laïko,Folk
Baroque Pop,Pop
Ghazal,Folk
Hindi Hip Hop,Hip Hop
Yacht Rock,Rock
Bhojpuri Pop,Pop
Dark R&B,R&B
acid rock,Rock
acoustic country,Country
afro house,Electronic
afropop,Pop
afroswing,Other
alt country,Country
amapiano,Jazz
ambient folk,Electronic
americana,Folk
aor,Rock
arabic hip hop,Hip Hop
arena rock,Rock
argentine trap,Hip Hop
art pop,Pop
axé,Other
ballroom vogue,Other
bangla pop,Pop
batak,Other
bedroom pop,Pop
bhajan,Other
bisrock,Rock
blues rock,Rock
bollywood,Other
boom bap,Hip Hop
brazilian bass,Other
brazilian jazz,Jazz
brazilian phonk,Hip Hop
brazilian trap,Hip Hop
brooklyn drill,Hip Hop
budots,Other
candombe,Other
cedm,Other
cha cha cha,Other
chamamé,Folk
chamber music,Classical
chicago drill,Hip Hop
chilean trap,Hip Hop
chinese indie,Other
chinese rock,Rock
christian,Other
christian country,Country
christian folk,Folk
city pop,Pop
classic blues,Blues
classic country,Country
classic soul,R&B
cloud rap,Hip Hop
cold wave,Other
colombian pop,Pop
contemporary r&b,R&B
corrido,Other
corridos tumbados,Other
country hip hop,Hip Hop
cuarteto,Other
cumbia norteña,Other
dembow,Other
dembow belico,Other
desi pop,Pop
devotional,Other
disco polo,Other
drift phonk,Hip Hop
drill,Hip Hop
edm trap,Hip Hop
egyptian hip hop,Hip Hop
egyptian pop,Pop
egyptian shaabi,Other
electro corridos,Electronic
electrocumbia,Other
emo rap,Rock
ethiopian jazz,Jazz
experimental hip hop,Hip Hop
finnish rock,Rock
flamenco pop,Pop
flamenco urbano,Other
folk pop,Pop
forró,Other
french house,Electronic
french jazz,Jazz
french rap,Hip Hop
future bass,Electronic
future house,Electronic
g-funk,R&B
g-house,Electronic
gnawa,Other
go-go,Other
gospel r&b,R&B
gregorian chant,Classical
guaracha,Other
gujarati garba,Other
gujarati pop,Pop
haryanvi pop,Pop
heavy metal,Rock
hi-nrg,Electronic
huayno,Other
hyperpop,Electronic
hypertechno,Electronic
idm,Electronic
indian indie,Other
indie,Other
indie punk,Rock
indie soul,R&B
italian singer-songwriter,Other
italian trap,Hip Hop
italo disco,Other
japanese classical,Classical
japanese vgm,Other
jazz house,Electronic
jazz rap,Hip Hop
jersey club,Other
k-ballad,Other
k-rap,Hip Hop
kannada pop,Pop
kayokyoku,Other
khaleeji,Other
kollywood,Other
kundiman,Folk
lagu jawa,Other
latin country,Country
latin dance,Electronic
latin folklore,Other
latin indie,Other
latin r&b,R&B
latin rock,Rock
lo-fi beats,Hip Hop
lo-fi house,Electronic
lo-fi indie,Other
lullaby,Other
mahraganat,Other
malayalam hip hop,Hip Hop
malayalam pop,Pop
marathi pop,Pop
melodic bass,Other
melodic house,Electronic
melodic techno,Electronic
mexican hip hop,Hip Hop
mexican rock,Rock
midwest emo,Rock
minimalism,Experimental
mollywood,Other
murga,Other
música mexicana,Folk
native american music,Folk
nederpop,Pop
neoperreo,Other
new orleans bounce,Other
new york drill,Hip Hop
nightcore,Electronic
norteño,Other
norteño-sax,Classical
nova mpb,Other
nueva trova,Folk
orchestra,Classical
oyun havasi,Other
p-pop,Pop
pentecostal,Other
philly soul,R&B
phonk,Hip Hop
pinoy hip hop,Hip Hop
pinoy r&b,R&B
pop country,Pop
pop soul,Pop
post-rock,Rock
queercore,Other
rage rap,Hip Hop
raï,Other
reggaeton chileno,Other
reggaeton mexa,Other
requiem,Classical
retro pop,Pop
retro soul,R&B
rock and roll,Rock
rock en español,Rock
rock quebecois,Rock
rocksteady,Other
rumba congolaise,Other
sad sierreño,Other
schlagerparty,Other
sea shanties,Other
seresta,Other
sexy drill,Hip Hop
sholawat,Other
sierreño,Other
slap house,Electronic
slowcore,Other
soft pop,Pop
son cubano,Other
southern gothic,Other
space music,Other
spanish-language reggae,Other
stutter house,Electronic
sufi,Other
swing music,Jazz
synthwave,Electronic
taiwanese indie,Other
tamil dance,Other
tamil hip hop,Hip Hop
tamil indie,Other
tamil pop,Pop
telugu pop,Pop
thai rock,Rock
tollywood,Other
traditional music,Other
trap,Hip Hop
trap latino,Hip Hop
trap metal,Rock
trap soul,Hip Hop
tropical house,Electronic
tropical music,Other
turreo,Other
uk drill,Hip Hop
uk r&b,R&B
v-pop,Pop
variété française,Other
villancicos,Other
west coast hip hop,Hip Hop
